Filename,Ratio
face1.jpg,2.0303030303030303
face2.jpg,1.992537313432836
